{
  "trained_at": "2026-03-04T10:38:02.289662+00:00",
  "input_file": "f:\\mate_AI\\data\\market\\ohlcv_sample.csv",
  "model_file": "f:\\mate_AI\\data\\ml\\finance_direction_model.pkl",
  "features": [
    "body_pct",
    "range_pct",
    "close_to_prev_pct",
    "volume_log",
    "momentum_3",
    "momentum_5",
    "ema_fast_gap",
    "ema_slow_gap",
    "rsi_14",
    "atr_pct_14"
  ],
  "metrics": {
    "accuracy": 0.2857142857142857,
    "precision": 0.0,
    "recall": 0.0,
    "roc_auc": 0.3,
    "test_size": 7
  },
  "feature_importance": {
    "volume_log": 0.2492317087278106,
    "momentum_5": 0.19570910035359265,
    "range_pct": 0.08809374081823144,
    "ema_fast_gap": 0.08688792872124396,
    "ema_slow_gap": 0.08248790347830842,
    "body_pct": 0.08169520247968833,
    "atr_pct_14": 0.07652814223471609,
    "close_to_prev_pct": 0.07595415652641975,
    "momentum_3": 0.03820648488504334,
    "rsi_14": 0.025205631774945357
  },
  "disclaimer": "Educational ML baseline. Not investment advice or guaranteed performance."
}